Box,Number,Location,Date,Order,Family,Species,Sex,Key,Notes
202,1,Bousdale,2017-05-22,,Muscidae,Hydrotaea diabolus,m,"Fonseca, 1968",As Hydrotaea bimaculata
202,2,Bousdale,2017-05-22,,Muscidae,Hydrotaea diabolus,m,"Fonseca, 1968",As Hydrotaea bimaculata
202,3,Bousdale,2017-05-22,,Muscidae,Hydrotaea diabolus,m,"Fonseca, 1968",As Hydrotaea bimaculata
202,4,Bousdale,2017-05-22,,Muscidae,Hydrotaea diabolus,f,"Fonseca, 1968",As Hydrotaea bimaculata
202,5,Bousdale,2017-05-22,,Muscidae,Hydrotaea dentipes,f,"Fonseca, 1968",
202,6,Bousdale,2017-05-22,,Muscidae,Eudasyphora cyanella,f,"Fonseca, 1968",As Dasyphora cyanella
202,7,Bousdale,2017-05-22,,Muscidae,Phaonia palpata,f,"Fonseca, 1968",
202,8,Bousdale,2017-05-22,,Tachinidae,Phryxe nemea,f,"Belshaw, 1993 +v5c updates",
202,9,Bousdale,2017-05-22,,Tachinidae,Phryxe nemea,f,"Belshaw, 1993 +v5c updates",
202,10,Bousdale,2017-05-22,,Muscidae,Morellia simplex,m,"Fonseca, 1968",
202,11,Bousdale,2017-05-22,,Tachinidae,Siphona geniculata,,"Belshaw, 1993 +v5c updates",
202,12,Bousdale,2017-05-22,,Sciomyzidae,Tetanocera hyalipennis,m,"Rozkosny, 1984",
202,13,Bousdale,2017-05-22,,Heleomyzidae,,f,,
202,14,Bousdale,2017-05-22,,Sciomyzidae,Hydromya dorsalis,m,"Rozkosny, 1984",
202,15,Bousdale,2017-05-22,,Sarcophagidae,Sarcophaga sp,m,,
202,16,Bousdale,2017-05-22,,Scathophagidae,Scathophaga stercoraria,f,"Ball, 2014",
202,17,Bousdale,2017-05-22,,Scathophagidae,Scathophaga stercoraria,f,"Ball, 2014",
202,18,Bousdale,2017-05-22,,Scathophagidae,Scathophaga stercoraria,f,"Ball, 2014",
202,19,Bousdale,2017-05-22,,Muscidae,Thricops semicinereus,m,"Fonseca, 1968",
202,20,Bousdale,2017-05-22,,Muscidae,Thricops semicinereus,m,"Fonseca, 1968",
202,21,Bousdale,2017-05-22,,Muscidae,Thricops semicinereus,m,"Fonseca, 1968",
202,22,Bousdale,2017-05-22,,Muscidae,Thricops semicinereus,m,"Fonseca, 1968",
202,23,Bousdale,2017-05-22,,Muscidae,Thricops semicinereus,m,"Fonseca, 1968",
202,24,Bousdale,2017-05-22,,Anthomyiidae,,f,,
202,25,Bousdale,2017-05-22,,Muscidae,,m,,
202,26,Bousdale,2017-05-22,,Muscidae,,m,,
202,27,Bousdale,2017-05-22,,Muscidae,,m,,
202,28,Bousdale,2017-05-22,,Muscidae,Phaonia sp,f,,
202,29,Bousdale,2017-05-22,,Anthomyiidae,,m,,
202,30,Bousdale,2017-05-22,,Anthomyiidae,,f,,
202,31,Bousdale,2017-05-22,,Anthomyiidae,,m,,
202,32,Bousdale,2017-05-22,,Anthomyiidae,,m,,
202,33,Bousdale,2017-05-22,,Anthomyiidae,,m,,
202,34,Bousdale,2017-05-22,,Anthomyiidae,,f,,
202,35,Bousdale,2017-05-22,,Muscidae,Hydrotaea sp,f,,
202,36,Bousdale,2017-05-22,,Muscidae,,m,,
202,37,Bousdale,2017-05-22,,Anthomyiidae,,m,,
202,38,Bousdale,2017-05-22,,Anthomyiidae,,m,,
202,39,Bousdale,2017-05-22,,Anthomyiidae,,f,,
202,40,Bousdale,2017-05-22,,Fanniidae,Fannia rondanii,f,"Rozkosny et al, 1997",
202,41,Bousdale,2017-05-22,,Fanniidae,Fannia rondanii,f,"Rozkosny et al, 1997",
202,42,Bousdale,2017-05-22,,Empididae,Empis sp,m,,
202,43,Bousdale,2017-05-22,,Empididae,Empis sp,m,,
202,44,Bousdale,2017-05-22,,Sepsidae,Sepsis sp,,,
202,45,Bousdale,2017-05-22,,Fanniidae,Fannia subsimilis,m,"Rozkosny et al, 1997",
202,46,Bousdale,2017-05-22,,Pipunculidae,,m,,
202,47,Bousdale,2017-05-22,,Ephydridae,,,,
202,48,Bousdale,2017-05-22,,Muscidae,,f,,
202,49,Bousdale,2017-05-22,,Muscidae,,m,,
202,50,Bousdale,2017-05-22,,Fanniidae,Fannia serena,f,"Rozkosny et al, 1997",
202,51,Bousdale,2017-05-22,,Anthomyiidae,,m,,
202,52,Bousdale,2017-05-22,,Anthomyiidae,,m,,
202,53,Bousdale,2017-05-22,,Anthomyiidae,,m,,
202,54,Bousdale,2017-05-22,,Anthomyiidae,,m,,
202,55,Bousdale,2017-05-22,,Anthomyiidae,,m,,
202,56,Bousdale,2017-05-22,,Anthomyiidae,,m,,
202,57,Bousdale,2017-05-22,,Fanniidae,Fannia serena,m,"Rozkosny et al, 1997",
202,58,Bousdale,2017-05-22,,Anthomyiidae,,m,,
202,59,Bousdale,2017-05-22,,Anthomyiidae,,m,,
202,60,Roseberry Common,2017-05-22,,Bibionidae,Bibio leucopterus,m,"Freeman & Lane, 1985",60+61 in cop
202,61,Roseberry Common,2017-05-22,,Bibionidae,Bibio leucopterus,f,"Freeman & Lane, 1985",60+61 in cop
202,62,Roseberry Common,2017-05-22,,Bibionidae,Bibio leucopterus,m,"Freeman & Lane, 1985",
202,63,Roseberry Common,2017-05-22,,Bibionidae,Dilophus femoratus,m,"Freeman & Lane, 1985",
202,64,Roseberry Common,2017-05-22,,Mycetophilidae,,f,,Wings darkened
202,65,Roseberry Common,2017-05-22,,Mycetophilidae,,f,,Wings darkened
202,66,Roseberry Common,2017-05-22,,Phoridae,,,,
202,67,Roseberry Common,2017-05-22,,Dolichopodidae,,f,,
